id,periode,inflasi_yoy_persen,kategori,satuan,data_source
1,2000-01,0.28,Umum,persen,https://www.bi.go.id/id/statistik/ekonomi-keuangan/seki/Pages/seki_0411.aspx
2,2000-02,-0.89,Umum,persen,https://www.bi.go.id/id/statistik/ekonomi-keuangan/seki/Pages/seki_0411.aspx
3,2000-03,-1.17,Umum,persen,https://www.bi.go.id/id/statistik/ekonomi-keuangan/seki/Pages/seki_0411.aspx
4,2000-04,0.07,Umum,persen,https://www.bi.go.id/id/statistik/ekonomi-keuangan/seki/Pages/seki_0411.aspx
5,2000-05,1.2,Umum,persen,https://www.bi.go.id/id/statistik/ekonomi-keuangan/seki/Pages/seki_0411.aspx
6,2000-06,2.04,Umum,persen,https://www.bi.go.id/id/statistik/ekonomi-keuangan/seki/Pages/seki_0411.aspx
7,2001-01,8.28,Umum,persen,https://www.bi.go.id/id/statistik/ekonomi-keuangan/seki/Pages/seki_0411.aspx
8,2001-02,9.14,Umum,persen,https://www.bi.go.id/id/statistik/ekonomi-keuangan/seki/Pages/seki_0411.aspx
9,2001-03,10.62,Umum,persen,https://www.bi.go.id/id/statistik/ekonomi-keuangan/seki/Pages/seki_0411.aspx
10,2001-04,10.51,Umum,persen,https://www.bi.go.id/id/statistik/ekonomi-keuangan/seki/Pages/seki_0411.aspx
11,2001-05,10.82,Umum,persen,https://www.bi.go.id/id/statistik/ekonomi-keuangan/seki/Pages/seki_0411.aspx
12,2001-06,12.11,Umum,persen,https://www.bi.go.id/id/statistik/ekonomi-keuangan/seki/Pages/seki_0411.aspx
13,2003-01,8.74,Umum,persen,https://www.bi.go.id/id/statistik/ekonomi-keuangan/seki/Pages/SEKI-MEI-2026.aspx
14,2003-02,7.34,Umum,persen,https://www.bi.go.id/id/statistik/ekonomi-keuangan/seki/Pages/SEKI-MEI-2026.aspx
15,2003-03,7.12,Umum,persen,https://www.bi.go.id/id/statistik/ekonomi-keuangan/seki/Pages/SEKI-MEI-2026.aspx
16,2003-04,7.54,Umum,persen,https://www.bi.go.id/id/statistik/ekonomi-keuangan/seki/Pages/SEKI-MEI-2026.aspx
17,2003-05,6.91,Umum,persen,https://www.bi.go.id/id/statistik/ekonomi-keuangan/seki/Pages/SEKI-MEI-2026.aspx
18,2003-06,6.62,Umum,persen,https://www.bi.go.id/id/statistik/ekonomi-keuangan/seki/Pages/SEKI-MEI-2026.aspx
19,2003-07,5.79,Umum,persen,https://www.bi.go.id/id/statistik/ekonomi-keuangan/seki/Pages/SEKI-MEI-2026.aspx
20,2003-08,6.38,Umum,persen,https://www.bi.go.id/id/statistik/ekonomi-keuangan/seki/Pages/SEKI-MEI-2026.aspx
21,2003-09,6.2,Umum,persen,https://www.bi.go.id/id/statistik/ekonomi-keuangan/seki/Pages/SEKI-MEI-2026.aspx
22,2003-10,6.22,Umum,persen,https://www.bi.go.id/id/statistik/ekonomi-keuangan/seki/Pages/SEKI-MEI-2026.aspx
23,2003-11,5.33,Umum,persen,https://www.bi.go.id/id/statistik/ekonomi-keuangan/seki/Pages/SEKI-MEI-2026.aspx
24,2003-12,5.06,Umum,persen,https://www.bi.go.id/id/statistik/ekonomi-keuangan/seki/Pages/SEKI-MEI-2026.aspx
25,2004-01,4.82,Umum,persen,https://www.bi.go.id/id/statistik/ekonomi-keuangan/seki/Pages/SEKI-MEI-2026.aspx
26,2004-02,4.6,Umum,persen,https://www.bi.go.id/id/statistik/ekonomi-keuangan/seki/Pages/SEKI-MEI-2026.aspx
27,2004-03,5.11,Umum,persen,https://www.bi.go.id/id/statistik/ekonomi-keuangan/seki/Pages/SEKI-MEI-2026.aspx
28,2004-04,5.92,Umum,persen,https://www.bi.go.id/id/statistik/ekonomi-keuangan/seki/Pages/SEKI-MEI-2026.aspx
29,2004-05,6.47,Umum,persen,https://www.bi.go.id/id/statistik/ekonomi-keuangan/seki/Pages/SEKI-MEI-2026.aspx
30,2004-06,6.83,Umum,persen,https://www.bi.go.id/id/statistik/ekonomi-keuangan/seki/Pages/SEKI-MEI-2026.aspx
31,2004-07,7.2,Umum,persen,https://www.bi.go.id/id/statistik/ekonomi-keuangan/seki/Pages/SEKI-MEI-2026.aspx
32,2004-08,6.67,Umum,persen,https://www.bi.go.id/id/statistik/ekonomi-keuangan/seki/Pages/SEKI-MEI-2026.aspx
33,2004-09,6.27,Umum,persen,https://www.bi.go.id/id/statistik/ekonomi-keuangan/seki/Pages/SEKI-MEI-2026.aspx
34,2004-10,6.22,Umum,persen,https://www.bi.go.id/id/statistik/ekonomi-keuangan/seki/Pages/SEKI-MEI-2026.aspx
35,2004-11,6.18,Umum,persen,https://www.bi.go.id/id/statistik/ekonomi-keuangan/seki/Pages/SEKI-MEI-2026.aspx
36,2004-12,6.4,Umum,persen,https://www.bi.go.id/id/statistik/ekonomi-keuangan/seki/Pages/SEKI-MEI-2026.aspx
37,2005-01,7.32,Umum,persen,https://www.bi.go.id/id/statistik/ekonomi-keuangan/seki/Pages/SEKI-MEI-2026.aspx
38,2005-02,7.15,Umum,persen,https://www.bi.go.id/id/statistik/ekonomi-keuangan/seki/Pages/SEKI-MEI-2026.aspx
39,2005-03,8.81,Umum,persen,https://www.bi.go.id/id/statistik/ekonomi-keuangan/seki/Pages/SEKI-MEI-2026.aspx
40,2005-04,8.12,Umum,persen,https://www.bi.go.id/id/statistik/ekonomi-keuangan/seki/Pages/SEKI-MEI-2026.aspx
41,2005-05,7.4,Umum,persen,https://www.bi.go.id/id/statistik/ekonomi-keuangan/seki/Pages/SEKI-MEI-2026.aspx
42,2005-06,7.42,Umum,persen,https://www.bi.go.id/id/statistik/ekonomi-keuangan/seki/Pages/SEKI-MEI-2026.aspx
43,2005-07,7.84,Umum,persen,https://www.bi.go.id/id/statistik/ekonomi-keuangan/seki/Pages/SEKI-MEI-2026.aspx
44,2005-08,8.34,Umum,persen,https://www.bi.go.id/id/statistik/ekonomi-keuangan/seki/Pages/SEKI-MEI-2026.aspx
45,2005-09,9.06,Umum,persen,https://www.bi.go.id/id/statistik/ekonomi-keuangan/seki/Pages/SEKI-MEI-2026.aspx
46,2005-10,17.89,Umum,persen,https://www.bi.go.id/id/statistik/ekonomi-keuangan/seki/Pages/SEKI-MEI-2026.aspx
47,2005-11,18.38,Umum,persen,https://www.bi.go.id/id/statistik/ekonomi-keuangan/seki/Pages/SEKI-MEI-2026.aspx
48,2005-12,17.11,Umum,persen,https://www.bi.go.id/id/statistik/ekonomi-keuangan/seki/Pages/SEKI-MEI-2026.aspx
49,2006-01,17.03,Umum,persen,https://www.bi.go.id/id/statistik/ekonomi-keuangan/seki/Pages/SEKI-MEI-2026.aspx
50,2006-02,17.92,Umum,persen,https://www.bi.go.id/id/statistik/ekonomi-keuangan/seki/Pages/SEKI-MEI-2026.aspx
51,2006-03,15.74,Umum,persen,https://www.bi.go.id/id/statistik/ekonomi-keuangan/seki/Pages/SEKI-MEI-2026.aspx
52,2006-04,15.4,Umum,persen,https://www.bi.go.id/id/statistik/ekonomi-keuangan/seki/Pages/SEKI-MEI-2026.aspx
53,2006-05,15.6,Umum,persen,https://www.bi.go.id/id/statistik/ekonomi-keuangan/seki/Pages/SEKI-MEI-2026.aspx
54,2006-06,15.53,Umum,persen,https://www.bi.go.id/id/statistik/ekonomi-keuangan/seki/Pages/SEKI-MEI-2026.aspx
55,2006-07,15.15,Umum,persen,https://www.bi.go.id/id/statistik/ekonomi-keuangan/seki/Pages/SEKI-MEI-2026.aspx
56,2006-08,14.9,Umum,persen,https://www.bi.go.id/id/statistik/ekonomi-keuangan/seki/Pages/SEKI-MEI-2026.aspx
57,2006-09,14.55,Umum,persen,https://www.bi.go.id/id/statistik/ekonomi-keuangan/seki/Pages/SEKI-MEI-2026.aspx
58,2006-10,6.29,Umum,persen,https://www.bi.go.id/id/statistik/ekonomi-keuangan/seki/Pages/SEKI-MEI-2026.aspx
59,2006-11,5.27,Umum,persen,https://www.bi.go.id/id/statistik/ekonomi-keuangan/seki/Pages/SEKI-MEI-2026.aspx
60,2006-12,6.6,Umum,persen,https://www.bi.go.id/id/statistik/ekonomi-keuangan/seki/Pages/SEKI-MEI-2026.aspx
61,2007-01,6.26,Umum,persen,https://www.bi.go.id/id/statistik/ekonomi-keuangan/seki/Pages/SEKI-MEI-2026.aspx
62,2007-02,6.3,Umum,persen,https://www.bi.go.id/id/statistik/ekonomi-keuangan/seki/Pages/SEKI-MEI-2026.aspx
63,2007-03,6.52,Umum,persen,https://www.bi.go.id/id/statistik/ekonomi-keuangan/seki/Pages/SEKI-MEI-2026.aspx
64,2007-04,6.3,Umum,persen,https://www.bi.go.id/id/statistik/ekonomi-keuangan/seki/Pages/SEKI-MEI-2026.aspx
65,2007-05,6.01,Umum,persen,https://www.bi.go.id/id/statistik/ekonomi-keuangan/seki/Pages/SEKI-MEI-2026.aspx
66,2007-06,5.78,Umum,persen,https://www.bi.go.id/id/statistik/ekonomi-keuangan/seki/Pages/SEKI-MEI-2026.aspx
67,2007-07,6.06,Umum,persen,https://www.bi.go.id/id/statistik/ekonomi-keuangan/seki/Pages/SEKI-MEI-2026.aspx
68,2007-08,6.51,Umum,persen,https://www.bi.go.id/id/statistik/ekonomi-keuangan/seki/Pages/SEKI-MEI-2026.aspx
69,2007-09,6.95,Umum,persen,https://www.bi.go.id/id/statistik/ekonomi-keuangan/seki/Pages/SEKI-MEI-2026.aspx
70,2007-10,6.88,Umum,persen,https://www.bi.go.id/id/statistik/ekonomi-keuangan/seki/Pages/SEKI-MEI-2026.aspx
71,2007-11,6.71,Umum,persen,https://www.bi.go.id/id/statistik/ekonomi-keuangan/seki/Pages/SEKI-MEI-2026.aspx
72,2007-12,6.59,Umum,persen,https://www.bi.go.id/id/statistik/ekonomi-keuangan/seki/Pages/SEKI-MEI-2026.aspx
73,2008-01,7.36,Umum,persen,https://www.bi.go.id/id/statistik/ekonomi-keuangan/seki/Pages/SEKI-MEI-2026.aspx
74,2008-02,7.4,Umum,persen,https://www.bi.go.id/id/statistik/ekonomi-keuangan/seki/Pages/SEKI-MEI-2026.aspx
75,2008-03,8.17,Umum,persen,https://www.bi.go.id/id/statistik/ekonomi-keuangan/seki/Pages/SEKI-MEI-2026.aspx
76,2008-04,8.96,Umum,persen,https://www.bi.go.id/id/statistik/ekonomi-keuangan/seki/Pages/SEKI-MEI-2026.aspx
77,2008-05,10.38,Umum,persen,https://www.bi.go.id/id/statistik/ekonomi-keuangan/seki/Pages/SEKI-MEI-2026.aspx
78,2008-06,11.03,Umum,persen,https://www.bi.go.id/id/statistik/ekonomi-keuangan/seki/Pages/SEKI-MEI-2026.aspx
79,2008-07,11.9,Umum,persen,https://www.bi.go.id/id/statistik/ekonomi-keuangan/seki/Pages/SEKI-MEI-2026.aspx
80,2008-08,11.85,Umum,persen,https://www.bi.go.id/id/statistik/ekonomi-keuangan/seki/Pages/SEKI-MEI-2026.aspx
81,2008-09,12.14,Umum,persen,https://www.bi.go.id/id/statistik/ekonomi-keuangan/seki/Pages/SEKI-MEI-2026.aspx
82,2008-10,11.77,Umum,persen,https://www.bi.go.id/id/statistik/ekonomi-keuangan/seki/Pages/SEKI-MEI-2026.aspx
83,2008-11,11.68,Umum,persen,https://www.bi.go.id/id/statistik/ekonomi-keuangan/seki/Pages/SEKI-MEI-2026.aspx
84,2008-12,11.06,Umum,persen,https://www.bi.go.id/id/statistik/ekonomi-keuangan/seki/Pages/SEKI-MEI-2026.aspx
85,2009-01,9.17,Umum,persen,https://www.bi.go.id/id/statistik/ekonomi-keuangan/seki/Pages/SEKI-MEI-2026.aspx
86,2009-02,8.6,Umum,persen,https://www.bi.go.id/id/statistik/ekonomi-keuangan/seki/Pages/seki_0211.aspx
87,2009-03,7.92,Umum,persen,https://www.bi.go.id/id/statistik/ekonomi-keuangan/seki/Pages/seki_0311.aspx
88,2009-04,7.31,Umum,persen,https://www.bi.go.id/id/statistik/ekonomi-keuangan/seki/Pages/seki_0311.aspx
89,2009-05,6.04,Umum,persen,https://www.bi.go.id/id/statistik/ekonomi-keuangan/seki/Pages/seki_0511.aspx
90,2009-06,3.65,Umum,persen,https://www.bi.go.id/id/statistik/ekonomi-keuangan/seki/Pages/seki_0611.aspx
91,2009-07,2.71,Umum,persen,https://www.bi.go.id/id/statistik/ekonomi-keuangan/seki/Pages/seki_0711.aspx
92,2009-08,2.75,Umum,persen,https://www.bi.go.id/id/statistik/ekonomi-keuangan/seki/Pages/seki_0811.aspx
93,2009-09,2.83,Umum,persen,https://www.bi.go.id/id/statistik/ekonomi-keuangan/seki/Pages/seki_0911.aspx
94,2009-10,2.57,Umum,persen,https://www.bi.go.id/id/statistik/ekonomi-keuangan/seki/Pages/seki_1011.aspx
95,2009-11,2.41,Umum,persen,https://www.bi.go.id/id/statistik/ekonomi-keuangan/seki/Pages/seki_1111.aspx
96,2009-12,2.78,Umum,persen,https://www.bi.go.id/id/statistik/ekonomi-keuangan/seki/Pages/seki_1211.aspx
97,2010-01,3.72,Umum,persen,https://www.bi.go.id/id/statistik/ekonomi-keuangan/seki/Pages/SEKI-DESEMBER-2019.aspx
98,2010-02,3.81,Umum,persen,https://www.bi.go.id/id/statistik/ekonomi-keuangan/seki/Pages/SEKI-DESEMBER-2019.aspx
99,2010-03,3.43,Umum,persen,https://www.bi.go.id/id/statistik/ekonomi-keuangan/seki/Pages/SEKI-DESEMBER-2019.aspx
100,2010-04,3.91,Umum,persen,https://www.bi.go.id/id/statistik/ekonomi-keuangan/seki/Pages/SEKI-DESEMBER-2019.aspx
101,2010-05,4.16,Umum,persen,https://www.bi.go.id/id/statistik/ekonomi-keuangan/seki/Pages/SEKI-DESEMBER-2019.aspx
102,2010-06,5.05,Umum,persen,https://www.bi.go.id/id/statistik/ekonomi-keuangan/seki/Pages/SEKI-DESEMBER-2019.aspx
103,2010-07,6.22,Umum,persen,https://www.bi.go.id/id/statistik/ekonomi-keuangan/seki/Pages/SEKI-DESEMBER-2019.aspx
104,2010-08,6.44,Umum,persen,https://www.bi.go.id/id/statistik/ekonomi-keuangan/seki/Pages/SEKI-DESEMBER-2019.aspx
105,2010-09,5.8,Umum,persen,https://www.bi.go.id/id/statistik/ekonomi-keuangan/seki/Pages/SEKI-DESEMBER-2019.aspx
106,2010-10,5.67,Umum,persen,https://www.bi.go.id/id/statistik/ekonomi-keuangan/seki/Pages/SEKI-DESEMBER-2019.aspx
107,2010-11,6.33,Umum,persen,https://www.bi.go.id/id/statistik/ekonomi-keuangan/seki/Pages/SEKI-DESEMBER-2019.aspx
108,2010-12,6.96,Umum,persen,https://www.bi.go.id/id/statistik/ekonomi-keuangan/seki/Pages/SEKI-DESEMBER-2019.aspx
109,2011-01,7.02,Umum,persen,https://www.bi.go.id/id/statistik/ekonomi-keuangan/seki/Pages/SEKI-DESEMBER-2019.aspx
110,2011-02,6.84,Umum,persen,https://www.bi.go.id/id/statistik/ekonomi-keuangan/seki/Pages/SEKI-DESEMBER-2019.aspx
111,2011-03,6.65,Umum,persen,https://www.bi.go.id/id/statistik/ekonomi-keuangan/seki/Pages/SEKI-DESEMBER-2019.aspx
112,2011-04,6.16,Umum,persen,https://www.bi.go.id/id/statistik/ekonomi-keuangan/seki/Pages/SEKI-DESEMBER-2019.aspx
113,2011-05,5.98,Umum,persen,https://www.bi.go.id/id/statistik/ekonomi-keuangan/seki/Pages/SEKI-DESEMBER-2019.aspx
114,2011-06,5.54,Umum,persen,https://www.bi.go.id/id/statistik/ekonomi-keuangan/seki/Pages/SEKI-DESEMBER-2019.aspx
115,2011-07,4.61,Umum,persen,https://www.bi.go.id/id/statistik/ekonomi-keuangan/seki/Pages/SEKI-DESEMBER-2019.aspx
116,2011-08,4.79,Umum,persen,https://www.bi.go.id/id/statistik/ekonomi-keuangan/seki/Pages/SEKI-DESEMBER-2019.aspx
117,2011-09,4.61,Umum,persen,https://www.bi.go.id/id/statistik/ekonomi-keuangan/seki/Pages/SEKI-DESEMBER-2019.aspx
118,2011-10,4.42,Umum,persen,https://www.bi.go.id/id/statistik/ekonomi-keuangan/seki/Pages/SEKI-DESEMBER-2019.aspx
119,2011-11,4.15,Umum,persen,https://www.bi.go.id/id/statistik/ekonomi-keuangan/seki/Pages/SEKI-DESEMBER-2019.aspx
120,2011-12,3.79,Umum,persen,https://www.bi.go.id/id/statistik/ekonomi-keuangan/seki/Pages/SEKI-DESEMBER-2019.aspx
121,2012-01,3.65,Umum,persen,https://www.bi.go.id/id/statistik/ekonomi-keuangan/seki/Pages/SEKI-DESEMBER-2019.aspx
122,2012-02,3.56,Umum,persen,https://www.bi.go.id/id/statistik/ekonomi-keuangan/seki/Pages/SEKI-DESEMBER-2019.aspx
123,2012-03,3.97,Umum,persen,https://www.bi.go.id/id/statistik/ekonomi-keuangan/seki/Pages/SEKI-DESEMBER-2019.aspx
124,2012-04,4.5,Umum,persen,https://www.bi.go.id/id/statistik/ekonomi-keuangan/seki/Pages/SEKI-DESEMBER-2019.aspx
125,2012-05,4.45,Umum,persen,https://www.bi.go.id/id/statistik/ekonomi-keuangan/seki/Pages/SEKI-DESEMBER-2019.aspx
126,2012-06,4.53,Umum,persen,https://www.bi.go.id/id/statistik/ekonomi-keuangan/seki/Pages/SEKI-DESEMBER-2019.aspx
127,2012-07,4.56,Umum,persen,https://www.bi.go.id/id/statistik/ekonomi-keuangan/seki/Pages/SEKI-DESEMBER-2019.aspx
128,2012-08,4.58,Umum,persen,https://www.bi.go.id/id/statistik/ekonomi-keuangan/seki/Pages/SEKI-DESEMBER-2019.aspx
129,2012-09,4.31,Umum,persen,https://www.bi.go.id/id/statistik/ekonomi-keuangan/seki/Pages/SEKI-DESEMBER-2019.aspx
130,2012-10,4.61,Umum,persen,https://www.bi.go.id/id/statistik/ekonomi-keuangan/seki/Pages/SEKI-DESEMBER-2019.aspx
131,2012-11,4.32,Umum,persen,https://www.bi.go.id/id/statistik/ekonomi-keuangan/seki/Pages/SEKI-DESEMBER-2019.aspx
132,2012-12,4.3,Umum,persen,https://www.bi.go.id/id/statistik/ekonomi-keuangan/seki/Pages/SEKI-DESEMBER-2019.aspx
133,2013-01,4.57,Umum,persen,https://www.bi.go.id/id/statistik/ekonomi-keuangan/seki/Pages/SEKI-DESEMBER-2019.aspx
134,2013-02,5.31,Umum,persen,https://www.bi.go.id/id/statistik/ekonomi-keuangan/seki/Pages/SEKI-DESEMBER-2019.aspx
135,2013-03,5.9,Umum,persen,https://www.bi.go.id/id/statistik/ekonomi-keuangan/seki/Pages/SEKI-DESEMBER-2019.aspx
136,2013-04,5.57,Umum,persen,https://www.bi.go.id/id/statistik/ekonomi-keuangan/seki/Pages/SEKI-DESEMBER-2019.aspx
137,2013-05,5.47,Umum,persen,https://www.bi.go.id/id/statistik/ekonomi-keuangan/seki/Pages/SEKI-DESEMBER-2019.aspx
138,2013-06,5.9,Umum,persen,https://www.bi.go.id/id/statistik/ekonomi-keuangan/seki/Pages/SEKI-DESEMBER-2019.aspx
139,2013-07,8.61,Umum,persen,https://www.bi.go.id/id/statistik/ekonomi-keuangan/seki/Pages/SEKI-DESEMBER-2019.aspx
140,2013-08,8.79,Umum,persen,https://www.bi.go.id/id/statistik/ekonomi-keuangan/seki/Pages/SEKI-DESEMBER-2019.aspx
141,2013-09,8.4,Umum,persen,https://www.bi.go.id/id/statistik/ekonomi-keuangan/seki/Pages/SEKI-DESEMBER-2019.aspx
142,2013-10,8.32,Umum,persen,https://www.bi.go.id/id/statistik/ekonomi-keuangan/seki/Pages/SEKI-DESEMBER-2019.aspx
143,2013-11,8.37,Umum,persen,https://www.bi.go.id/id/statistik/ekonomi-keuangan/seki/Pages/SEKI-DESEMBER-2019.aspx
144,2013-12,8.38,Umum,persen,https://www.bi.go.id/id/statistik/ekonomi-keuangan/seki/Pages/SEKI-DESEMBER-2019.aspx
145,2014-01,8.22,Umum,persen,https://www.bi.go.id/id/statistik/ekonomi-keuangan/seki/Pages/SEKI-DESEMBER-2019.aspx
146,2014-02,7.75,Umum,persen,https://www.bi.go.id/id/statistik/ekonomi-keuangan/seki/Pages/SEKI-DESEMBER-2019.aspx
147,2014-03,7.32,Umum,persen,https://www.bi.go.id/id/statistik/ekonomi-keuangan/seki/Pages/SEKI-DESEMBER-2019.aspx
148,2014-04,7.25,Umum,persen,https://www.bi.go.id/id/statistik/ekonomi-keuangan/seki/Pages/SEKI-DESEMBER-2019.aspx
149,2014-05,7.32,Umum,persen,https://www.bi.go.id/id/statistik/ekonomi-keuangan/seki/Pages/SEKI-DESEMBER-2019.aspx
150,2014-06,6.7,Umum,persen,https://www.bi.go.id/id/statistik/ekonomi-keuangan/seki/Pages/SEKI-DESEMBER-2019.aspx
151,2014-07,4.53,Umum,persen,https://www.bi.go.id/id/statistik/ekonomi-keuangan/seki/Pages/SEKI-DESEMBER-2019.aspx
152,2014-08,3.99,Umum,persen,https://www.bi.go.id/id/statistik/ekonomi-keuangan/seki/Pages/SEKI-DESEMBER-2019.aspx
153,2014-09,4.53,Umum,persen,https://www.bi.go.id/id/statistik/ekonomi-keuangan/seki/Pages/SEKI-DESEMBER-2019.aspx
154,2014-10,4.83,Umum,persen,https://www.bi.go.id/id/statistik/ekonomi-keuangan/seki/Pages/SEKI-DESEMBER-2019.aspx
155,2014-11,6.23,Umum,persen,https://www.bi.go.id/id/statistik/ekonomi-keuangan/seki/Pages/SEKI-DESEMBER-2019.aspx
156,2014-12,8.36,Umum,persen,https://www.bi.go.id/id/statistik/ekonomi-keuangan/seki/Pages/SEKI-DESEMBER-2019.aspx
157,2015-01,6.96,Umum,persen,https://www.bi.go.id/id/statistik/ekonomi-keuangan/seki/Pages/SEKI-DESEMBER-2019.aspx
158,2015-02,6.29,Umum,persen,https://www.bi.go.id/id/statistik/ekonomi-keuangan/seki/Pages/SEKI-DESEMBER-2019.aspx
159,2015-03,6.38,Umum,persen,https://www.bi.go.id/id/statistik/ekonomi-keuangan/seki/Pages/SEKI-DESEMBER-2019.aspx
160,2015-04,6.79,Umum,persen,https://www.bi.go.id/id/statistik/ekonomi-keuangan/seki/Pages/SEKI-DESEMBER-2019.aspx
161,2015-05,7.15,Umum,persen,https://www.bi.go.id/id/statistik/ekonomi-keuangan/seki/Pages/SEKI-DESEMBER-2019.aspx
162,2015-06,7.26,Umum,persen,https://www.bi.go.id/id/statistik/ekonomi-keuangan/seki/Pages/SEKI-DESEMBER-2019.aspx
163,2015-07,7.26,Umum,persen,https://www.bi.go.id/id/statistik/ekonomi-keuangan/seki/Pages/SEKI-DESEMBER-2019.aspx
164,2015-08,7.18,Umum,persen,https://www.bi.go.id/id/statistik/ekonomi-keuangan/seki/Pages/SEKI-DESEMBER-2019.aspx
165,2015-09,6.83,Umum,persen,https://www.bi.go.id/id/statistik/ekonomi-keuangan/seki/Pages/SEKI-DESEMBER-2019.aspx
166,2015-10,6.25,Umum,persen,https://www.bi.go.id/id/statistik/ekonomi-keuangan/seki/Pages/SEKI-DESEMBER-2019.aspx
167,2015-11,4.89,Umum,persen,https://www.bi.go.id/id/statistik/ekonomi-keuangan/seki/Pages/SEKI-DESEMBER-2019.aspx
168,2015-12,3.35,Umum,persen,https://www.bi.go.id/id/statistik/ekonomi-keuangan/seki/Pages/SEKI-DESEMBER-2019.aspx
169,2016-01,4.14,Umum,persen,https://www.bi.go.id/id/statistik/ekonomi-keuangan/seki/Pages/SEKI-DESEMBER-2019.aspx
170,2016-02,4.42,Umum,persen,https://www.bi.go.id/id/statistik/ekonomi-keuangan/seki/Pages/SEKI-DESEMBER-2019.aspx
171,2016-03,4.45,Umum,persen,https://www.bi.go.id/id/statistik/ekonomi-keuangan/seki/Pages/SEKI-DESEMBER-2019.aspx
172,2016-04,3.6,Umum,persen,https://www.bi.go.id/id/statistik/ekonomi-keuangan/seki/Pages/SEKI-DESEMBER-2019.aspx
173,2016-05,3.33,Umum,persen,https://www.bi.go.id/id/statistik/ekonomi-keuangan/seki/Pages/SEKI-DESEMBER-2019.aspx
174,2016-06,3.45,Umum,persen,https://www.bi.go.id/id/statistik/ekonomi-keuangan/seki/Pages/SEKI-DESEMBER-2019.aspx
175,2016-07,3.21,Umum,persen,https://www.bi.go.id/id/statistik/ekonomi-keuangan/seki/Pages/SEKI-DESEMBER-2019.aspx
176,2016-08,2.79,Umum,persen,https://www.bi.go.id/id/statistik/ekonomi-keuangan/seki/Pages/SEKI-DESEMBER-2019.aspx
177,2016-09,3.07,Umum,persen,https://www.bi.go.id/id/statistik/ekonomi-keuangan/seki/Pages/SEKI-DESEMBER-2019.aspx
178,2016-10,3.31,Umum,persen,https://www.bi.go.id/id/statistik/ekonomi-keuangan/seki/Pages/SEKI-DESEMBER-2019.aspx
179,2016-11,3.58,Umum,persen,https://www.bi.go.id/id/statistik/ekonomi-keuangan/seki/Pages/SEKI-DESEMBER-2019.aspx
180,2016-12,3.02,Umum,persen,https://www.bi.go.id/id/statistik/ekonomi-keuangan/seki/Pages/SEKI-DESEMBER-2019.aspx
181,2017-01,3.49,Umum,persen,https://www.bi.go.id/id/statistik/ekonomi-keuangan/seki/Pages/SEKI-DESEMBER-2019.aspx
182,2017-02,3.83,Umum,persen,https://www.bi.go.id/id/statistik/ekonomi-keuangan/seki/Pages/SEKI-DESEMBER-2019.aspx
183,2017-03,3.61,Umum,persen,https://www.bi.go.id/id/statistik/ekonomi-keuangan/seki/Pages/SEKI-DESEMBER-2019.aspx
184,2017-04,4.17,Umum,persen,https://www.bi.go.id/id/statistik/ekonomi-keuangan/seki/Pages/SEKI-DESEMBER-2019.aspx
185,2017-05,4.33,Umum,persen,https://www.bi.go.id/id/statistik/ekonomi-keuangan/seki/Pages/SEKI-DESEMBER-2019.aspx
186,2017-06,4.37,Umum,persen,https://www.bi.go.id/id/statistik/ekonomi-keuangan/seki/Pages/SEKI-DESEMBER-2019.aspx
187,2017-07,3.88,Umum,persen,https://www.bi.go.id/id/statistik/ekonomi-keuangan/seki/Pages/SEKI-DESEMBER-2019.aspx
188,2017-08,3.82,Umum,persen,https://www.bi.go.id/id/statistik/ekonomi-keuangan/seki/Pages/SEKI-DESEMBER-2019.aspx
189,2017-09,3.72,Umum,persen,https://www.bi.go.id/id/statistik/ekonomi-keuangan/seki/Pages/SEKI-DESEMBER-2019.aspx
190,2017-10,3.58,Umum,persen,https://www.bi.go.id/id/statistik/ekonomi-keuangan/seki/Pages/SEKI-DESEMBER-2019.aspx
191,2017-11,3.3,Umum,persen,https://www.bi.go.id/id/statistik/ekonomi-keuangan/seki/Pages/SEKI-DESEMBER-2019.aspx
192,2017-12,3.61,Umum,persen,https://www.bi.go.id/id/statistik/ekonomi-keuangan/seki/Pages/SEKI-DESEMBER-2019.aspx
193,2018-01,3.25,Umum,persen,https://www.bi.go.id/id/statistik/ekonomi-keuangan/seki/Pages/SEKI-DESEMBER-2019.aspx
194,2018-02,3.18,Umum,persen,https://www.bi.go.id/id/statistik/ekonomi-keuangan/seki/Pages/SEKI-DESEMBER-2019.aspx
195,2018-03,3.4,Umum,persen,https://www.bi.go.id/id/statistik/ekonomi-keuangan/seki/Pages/SEKI-DESEMBER-2019.aspx
196,2018-04,3.41,Umum,persen,https://www.bi.go.id/id/statistik/ekonomi-keuangan/seki/Pages/SEKI-DESEMBER-2019.aspx
197,2018-05,3.23,Umum,persen,https://www.bi.go.id/id/statistik/ekonomi-keuangan/seki/Pages/SEKI-DESEMBER-2019.aspx
198,2018-06,3.12,Umum,persen,https://www.bi.go.id/id/statistik/ekonomi-keuangan/seki/Pages/SEKI-DESEMBER-2019.aspx
199,2018-07,3.18,Umum,persen,https://www.bi.go.id/id/statistik/ekonomi-keuangan/seki/Pages/SEKI-DESEMBER-2019.aspx
200,2018-08,3.2,Umum,persen,https://www.bi.go.id/id/statistik/ekonomi-keuangan/seki/Pages/SEKI-DESEMBER-2019.aspx
201,2018-09,2.88,Umum,persen,https://www.bi.go.id/id/statistik/ekonomi-keuangan/seki/Pages/SEKI-DESEMBER-2019.aspx
202,2018-10,3.16,Umum,persen,https://www.bi.go.id/id/statistik/ekonomi-keuangan/seki/Pages/SEKI-DESEMBER-2019.aspx
203,2018-11,3.23,Umum,persen,https://www.bi.go.id/id/statistik/ekonomi-keuangan/seki/Pages/SEKI-DESEMBER-2019.aspx
204,2018-12,3.13,Umum,persen,https://www.bi.go.id/id/statistik/ekonomi-keuangan/seki/Pages/SEKI-DESEMBER-2019.aspx
205,2019-01,2.82,Umum,persen,https://www.bi.go.id/id/statistik/ekonomi-keuangan/seki/Pages/SEKI-DESEMBER-2019.aspx
206,2019-02,2.57,Umum,persen,https://www.bi.go.id/id/statistik/ekonomi-keuangan/seki/Pages/SEKI-DESEMBER-2019.aspx
207,2019-03,2.48,Umum,persen,https://www.bi.go.id/id/statistik/ekonomi-keuangan/seki/Pages/SEKI-DESEMBER-2019.aspx
208,2019-04,2.83,Umum,persen,https://www.bi.go.id/id/statistik/ekonomi-keuangan/seki/Pages/SEKI-DESEMBER-2019.aspx
209,2019-05,3.32,Umum,persen,https://www.bi.go.id/id/statistik/ekonomi-keuangan/seki/Pages/SEKI-DESEMBER-2019.aspx
210,2019-06,3.28,Umum,persen,https://www.bi.go.id/id/statistik/ekonomi-keuangan/seki/Pages/SEKI-DESEMBER-2019.aspx
211,2019-07,3.32,Umum,persen,https://www.bi.go.id/id/statistik/ekonomi-keuangan/seki/Pages/SEKI-DESEMBER-2019.aspx
212,2019-08,3.49,Umum,persen,https://www.bi.go.id/id/statistik/ekonomi-keuangan/seki/Pages/SEKI-DESEMBER-2019.aspx
213,2019-09,3.39,Umum,persen,https://www.bi.go.id/id/statistik/ekonomi-keuangan/seki/Pages/SEKI-DESEMBER-2019.aspx
214,2019-10,3.13,Umum,persen,https://www.bi.go.id/id/statistik/ekonomi-keuangan/seki/Pages/SEKI-DESEMBER-2019.aspx
215,2019-11,3.0,Umum,persen,https://www.bi.go.id/id/statistik/ekonomi-keuangan/seki/Pages/SEKI-DESEMBER-2019.aspx
216,2019-12,2.72,Umum,persen,https://www.bi.go.id/id/statistik/ekonomi-keuangan/seki/Pages/SEKI-DESEMBER-2019.aspx
217,2020-01,2.676944,Umum,persen,https://www.bi.go.id/id/statistik/ekonomi-keuangan/seki/Pages/SEKI-MEI-2026.aspx
218,2020-02,2.98,Umum,persen,https://www.bi.go.id/id/statistik/ekonomi-keuangan/seki/Pages/SEKI-MEI-2026.aspx
219,2020-03,2.96,Umum,persen,https://www.bi.go.id/id/statistik/ekonomi-keuangan/seki/Pages/SEKI-MEI-2026.aspx
220,2020-04,2.6746350544,Umum,persen,https://www.bi.go.id/id/statistik/ekonomi-keuangan/seki/Pages/SEKI-MEI-2026.aspx
221,2020-05,2.19,Umum,persen,https://www.bi.go.id/id/statistik/ekonomi-keuangan/seki/Pages/SEKI-MEI-2026.aspx
222,2020-06,1.96,Umum,persen,https://www.bi.go.id/id/statistik/ekonomi-keuangan/seki/Pages/SEKI-MEI-2026.aspx
223,2020-07,1.54,Umum,persen,https://www.bi.go.id/id/statistik/ekonomi-keuangan/seki/Pages/SEKI-MEI-2026.aspx
224,2020-08,1.32,Umum,persen,https://www.bi.go.id/id/statistik/ekonomi-keuangan/seki/Pages/SEKI-MEI-2026.aspx
225,2020-09,1.42,Umum,persen,https://www.bi.go.id/id/statistik/ekonomi-keuangan/seki/Pages/SEKI-MEI-2026.aspx
226,2020-10,1.44,Umum,persen,https://www.bi.go.id/id/statistik/ekonomi-keuangan/seki/Pages/SEKI-MEI-2026.aspx
227,2020-11,1.59,Umum,persen,https://www.bi.go.id/id/statistik/ekonomi-keuangan/seki/Pages/SEKI-MEI-2026.aspx
228,2020-12,1.68,Umum,persen,https://www.bi.go.id/id/statistik/ekonomi-keuangan/seki/Pages/SEKI-MEI-2026.aspx
229,2021-01,1.55,Umum,persen,https://www.bi.go.id/id/statistik/ekonomi-keuangan/seki/Pages/SEKI-MEI-2026.aspx
230,2021-02,1.38,Umum,persen,https://www.bi.go.id/id/statistik/ekonomi-keuangan/seki/Pages/SEKI-MEI-2026.aspx
231,2021-03,1.37,Umum,persen,https://www.bi.go.id/id/statistik/ekonomi-keuangan/seki/Pages/SEKI-MEI-2026.aspx
232,2021-04,1.42,Umum,persen,https://www.bi.go.id/id/statistik/ekonomi-keuangan/seki/Pages/SEKI-MEI-2026.aspx
233,2021-05,1.68,Umum,persen,https://www.bi.go.id/id/statistik/ekonomi-keuangan/seki/Pages/SEKI-MEI-2026.aspx
234,2021-06,1.33,Umum,persen,https://www.bi.go.id/id/statistik/ekonomi-keuangan/seki/Pages/SEKI-MEI-2026.aspx
235,2021-07,1.52,Umum,persen,https://www.bi.go.id/id/statistik/ekonomi-keuangan/seki/Pages/SEKI-MEI-2026.aspx
236,2021-08,1.59,Umum,persen,https://www.bi.go.id/id/statistik/ekonomi-keuangan/seki/Pages/SEKI-MEI-2026.aspx
237,2021-09,1.6,Umum,persen,https://www.bi.go.id/id/statistik/ekonomi-keuangan/seki/Pages/SEKI-MEI-2026.aspx
238,2021-10,1.66,Umum,persen,https://www.bi.go.id/id/statistik/ekonomi-keuangan/seki/Pages/SEKI-MEI-2026.aspx
239,2021-11,1.75,Umum,persen,https://www.bi.go.id/id/statistik/ekonomi-keuangan/seki/Pages/SEKI-MEI-2026.aspx
240,2021-12,1.87,Umum,persen,https://www.bi.go.id/id/statistik/ekonomi-keuangan/seki/Pages/SEKI-MEI-2026.aspx
241,2022-01,2.18,Umum,persen,https://www.bi.go.id/id/statistik/ekonomi-keuangan/seki/Pages/SEKI-MEI-2026.aspx
242,2022-02,2.06,Umum,persen,https://www.bi.go.id/id/statistik/ekonomi-keuangan/seki/Pages/SEKI-MEI-2026.aspx
243,2022-03,2.64,Umum,persen,https://www.bi.go.id/id/statistik/ekonomi-keuangan/seki/Pages/SEKI-MEI-2026.aspx
244,2022-04,3.47,Umum,persen,https://www.bi.go.id/id/statistik/ekonomi-keuangan/seki/Pages/SEKI-MEI-2026.aspx
245,2022-05,3.55,Umum,persen,https://www.bi.go.id/id/statistik/ekonomi-keuangan/seki/Pages/SEKI-MEI-2026.aspx
246,2022-06,4.35,Umum,persen,https://www.bi.go.id/id/statistik/ekonomi-keuangan/seki/Pages/SEKI-MEI-2026.aspx
247,2022-07,4.94,Umum,persen,https://www.bi.go.id/id/statistik/ekonomi-keuangan/seki/Pages/SEKI-MEI-2026.aspx
248,2022-08,4.69,Umum,persen,https://www.bi.go.id/id/statistik/ekonomi-keuangan/seki/Pages/SEKI-MEI-2026.aspx
249,2022-09,5.95,Umum,persen,https://www.bi.go.id/id/statistik/ekonomi-keuangan/seki/Pages/SEKI-MEI-2026.aspx
250,2022-10,5.71,Umum,persen,https://www.bi.go.id/id/statistik/ekonomi-keuangan/seki/Pages/SEKI-MEI-2026.aspx
251,2022-11,5.42,Umum,persen,https://www.bi.go.id/id/statistik/ekonomi-keuangan/seki/Pages/SEKI-MEI-2026.aspx
252,2022-12,5.51,Umum,persen,https://www.bi.go.id/id/statistik/ekonomi-keuangan/seki/Pages/SEKI-MEI-2026.aspx
253,2023-01,5.28,Umum,persen,https://www.bi.go.id/id/statistik/ekonomi-keuangan/seki/Pages/SEKI-MEI-2026.aspx
254,2023-02,5.47,Umum,persen,https://www.bi.go.id/id/statistik/ekonomi-keuangan/seki/Pages/SEKI-MEI-2026.aspx
255,2023-03,4.97,Umum,persen,https://www.bi.go.id/id/statistik/ekonomi-keuangan/seki/Pages/SEKI-MEI-2026.aspx
256,2023-04,4.33,Umum,persen,https://www.bi.go.id/id/statistik/ekonomi-keuangan/seki/Pages/SEKI-MEI-2026.aspx
257,2023-05,4.0,Umum,persen,https://www.bi.go.id/id/statistik/ekonomi-keuangan/seki/Pages/SEKI-MEI-2026.aspx
258,2023-06,3.52,Umum,persen,https://www.bi.go.id/id/statistik/ekonomi-keuangan/seki/Pages/SEKI-MEI-2026.aspx
259,2023-07,3.08,Umum,persen,https://www.bi.go.id/id/statistik/ekonomi-keuangan/seki/Pages/SEKI-MEI-2026.aspx
260,2023-08,3.27,Umum,persen,https://www.bi.go.id/id/statistik/ekonomi-keuangan/seki/Pages/SEKI-MEI-2026.aspx
261,2023-09,2.28,Umum,persen,https://www.bi.go.id/id/statistik/ekonomi-keuangan/seki/Pages/SEKI-MEI-2026.aspx
262,2023-10,2.56,Umum,persen,https://www.bi.go.id/id/statistik/ekonomi-keuangan/seki/Pages/SEKI-MEI-2026.aspx
263,2023-11,2.86,Umum,persen,https://www.bi.go.id/id/statistik/ekonomi-keuangan/seki/Pages/SEKI-MEI-2026.aspx
264,2023-12,2.61,Umum,persen,https://www.bi.go.id/id/statistik/ekonomi-keuangan/seki/Pages/SEKI-MEI-2026.aspx
265,2024-01,2.57,Umum,persen,https://www.bi.go.id/id/statistik/ekonomi-keuangan/seki/Pages/SEKI-MEI-2026.aspx
266,2024-02,2.75,Umum,persen,https://www.bi.go.id/id/statistik/ekonomi-keuangan/seki/Pages/SEKI-MEI-2026.aspx
267,2024-03,3.05,Umum,persen,https://www.bi.go.id/id/statistik/ekonomi-keuangan/seki/Pages/SEKI-MEI-2026.aspx
268,2024-04,3.0,Umum,persen,https://www.bi.go.id/id/statistik/ekonomi-keuangan/seki/Pages/SEKI-MEI-2026.aspx
269,2024-05,2.84,Umum,persen,https://www.bi.go.id/id/statistik/ekonomi-keuangan/seki/Pages/SEKI-MEI-2026.aspx
270,2024-06,2.51,Umum,persen,https://www.bi.go.id/id/statistik/ekonomi-keuangan/seki/Pages/SEKI-MEI-2026.aspx
271,2024-07,2.13,Umum,persen,https://www.bi.go.id/id/statistik/ekonomi-keuangan/seki/Pages/SEKI-MEI-2026.aspx
272,2024-08,2.12,Umum,persen,https://www.bi.go.id/id/statistik/ekonomi-keuangan/seki/Pages/SEKI-MEI-2026.aspx
273,2024-09,1.84,Umum,persen,https://www.bi.go.id/id/statistik/ekonomi-keuangan/seki/Pages/SEKI-MEI-2026.aspx
274,2024-10,1.71,Umum,persen,https://www.bi.go.id/id/statistik/ekonomi-keuangan/seki/Pages/SEKI-MEI-2026.aspx
275,2024-11,1.55,Umum,persen,https://www.bi.go.id/id/statistik/ekonomi-keuangan/seki/Pages/SEKI-MEI-2026.aspx
276,2024-12,1.57,Umum,persen,https://www.bi.go.id/id/statistik/ekonomi-keuangan/seki/Pages/SEKI-MEI-2026.aspx
277,2025-01,0.76,Umum,persen,https://www.bi.go.id/id/statistik/ekonomi-keuangan/seki/Pages/SEKI-MEI-2026.aspx
278,2025-02,-0.09,Umum,persen,https://www.bi.go.id/id/statistik/ekonomi-keuangan/seki/Pages/SEKI-MEI-2026.aspx
279,2025-03,1.03,Umum,persen,https://www.bi.go.id/id/statistik/ekonomi-keuangan/seki/Pages/SEKI-MEI-2026.aspx
280,2025-04,1.95,Umum,persen,https://www.bi.go.id/id/statistik/ekonomi-keuangan/seki/Pages/SEKI-MEI-2026.aspx
281,2025-05,1.6,Umum,persen,https://www.bi.go.id/id/statistik/ekonomi-keuangan/seki/Pages/SEKI-MEI-2026.aspx
282,2025-06,1.87,Umum,persen,https://www.bi.go.id/id/statistik/ekonomi-keuangan/seki/Pages/SEKI-MEI-2026.aspx
283,2025-07,2.37,Umum,persen,https://www.bi.go.id/id/statistik/ekonomi-keuangan/seki/Pages/SEKI-MEI-2026.aspx
284,2025-08,2.31,Umum,persen,https://www.bi.go.id/id/statistik/ekonomi-keuangan/seki/Pages/SEKI-MEI-2026.aspx
285,2025-09,2.65,Umum,persen,https://www.bi.go.id/id/statistik/ekonomi-keuangan/seki/Pages/SEKI-MEI-2026.aspx
286,2025-10,2.86,Umum,persen,https://www.bi.go.id/id/statistik/ekonomi-keuangan/seki/Pages/SEKI-MEI-2026.aspx
287,2025-11,2.72,Umum,persen,https://www.bi.go.id/id/statistik/ekonomi-keuangan/seki/Pages/SEKI-MEI-2026.aspx
288,2025-12,2.92,Umum,persen,https://www.bi.go.id/id/statistik/ekonomi-keuangan/seki/Pages/SEKI-MEI-2026.aspx
289,2026-01,3.55,Umum,persen,https://www.bi.go.id/id/statistik/ekonomi-keuangan/seki/Pages/SEKI-MEI-2026.aspx
290,2026-02,4.76,Umum,persen,https://www.bi.go.id/id/statistik/ekonomi-keuangan/seki/Pages/SEKI-MEI-2026.aspx
291,2026-03,3.48,Umum,persen,https://www.bi.go.id/id/statistik/ekonomi-keuangan/seki/Pages/SEKI-MEI-2026.aspx
292,2026-04,2.42,Umum,persen,https://www.bi.go.id/id/statistik/ekonomi-keuangan/seki/Pages/SEKI-MEI-2026.aspx
293,2026-05,3.08,Umum,persen,https://www.bi.go.id/id/statistik/ekonomi-keuangan/seki/Pages/SEKI-MEI-2026.aspx
